,,Input,Input,Input,O/P,,
Phase,Run ,Temperature in C,Particle size in mm,Gas flow rate in m3/hr,Oil yield in wt%,Char yield in wt%,Gas yield in wt%
I,1,300,0.75,1.25,26.5,41.3,32.2
,2,325,0.75,1.25,31.2,37.2,31.6
,3,350,0.75,1.25,34.3,34.8,30.9
,4,375,0.75,1.25,40.6,30,29.4
,5,400,0.75,1.25,44.4,27.1,28.5
,6,425,0.75,1.25,45.8,26.6,27.6
,7,450,0.75,1.25,48.2,25.4,26.4
,8,475,0.75,1.25,50.1,24.4,25.5
,9,500,0.75,1.25,51.1,23.7,25.2
,10,525,0.75,1.25,49.3,21.1,29.6
,11,550,0.75,1.25,46.8,18.3,34.9
,12,575,0.75,1.25,43.2,16,40.8
,13,600,0.75,1.25,37.3,15.2,47.5
II,14,500,0.5,1.25,46.6,18.3,35.1
,15,500,0.75,1.25,51.1,23.7,25.2
,16,500,1,1.25,52,24.6,23.4
,17,500,1.25,1.25,53.7,25.8,20.5
,18,500,1.5,1.25,51.1,27.9,21
,19,500,1.75,1.25,47,31,22
III,20,500,1.25,1.25,53.7,25.8,20.5
,21,500,1.25,1.5,55.4,24.8,19.8
,22,500,1.25,1.75,56.3,24.3,19.4
,23,500,1.25,2,54,24,21
,24,500,1.25,2.25,53.4,25.3,21.3
70:30:00,,,,,,,
,,,,,,,
,,,,,,,
Phase-I for optimizing reactor temperature,,,,,,,
Phase-II for optimizing particle size,,,,,,,
Phase -III for optimizing sweep gas flow rate,,,,,,,
,,,,,,,
,,,,,,,
Highlights and colour words indicating same process parameters in the experiment,,,,,,,